africa/abidjanAfrica/Abidjan
africa/accraAfrica/Accra
africa/addis_ababaAfrica/Addis_Ababa
africa/algiersAfrica/Algiers
africa/asmaraAfrica/Asmara
africa/asmeraAfrica/Asmera
africa/bamakoAfrica/Bamako
africa/banguiAfrica/Bangui
africa/banjulAfrica/Banjul
africa/bissauAfrica/Bissau
africa/blantyreAfrica/Blantyre
africa/brazzavilleAfrica/Brazzaville
africa/bujumburaAfrica/Bujumbura
africa/cairoAfrica/Cairo
africa/casablancaAfrica/Casablanca
africa/ceutaAfrica/Ceuta
africa/conakryAfrica/Conakry
africa/dakarAfrica/Dakar
africa/dar_es_salaamAfrica/Dar_es_Salaam
africa/djiboutiAfrica/Djibouti
africa/doualaAfrica/Douala
africa/el_aaiunAfrica/El_Aaiun
africa/freetownAfrica/Freetown
africa/gaboroneAfrica/Gaborone
africa/harareAfrica/Harare
africa/johannesburgAfrica/Johannesburg
africa/jubaAfrica/Juba
africa/kampalaAfrica/Kampala
africa/khartoumAfrica/Khartoum
africa/kigaliAfrica/Kigali
africa/kinshasaAfrica/Kinshasa
africa/lagosAfrica/Lagos
africa/librevilleAfrica/Libreville
africa/lomeAfrica/Lome
africa/luandaAfrica/Luanda
africa/lubumbashiAfrica/Lubumbashi
africa/lusakaAfrica/Lusaka
africa/malaboAfrica/Malabo
africa/maputoAfrica/Maputo
africa/maseruAfrica/Maseru
africa/mbabaneAfrica/Mbabane
africa/mogadishuAfrica/Mogadishu
africa/monroviaAfrica/Monrovia
africa/nairobiAfrica/Nairobi
africa/ndjamenaAfrica/Ndjamena
africa/niameyAfrica/Niamey
africa/nouakchottAfrica/Nouakchott
africa/ouagadougouAfrica/Ouagadougou
africa/porto-novoAfrica/Porto-Novo
africa/sao_tomeAfrica/Sao_Tome
africa/timbuktuAfrica/Timbuktu
africa/tripoliAfrica/Tripoli
africa/tunisAfrica/Tunis
africa/windhoekAfrica/Windhoek
america/adakAmerica/Adak
america/anchorageAmerica/Anchorage
america/anguillaAmerica/Anguilla
america/antiguaAmerica/Antigua
america/araguainaAmerica/Araguaina
america/argentina/buenos_airesAmerica/Argentina/Buenos_Aires
america/argentina/catamarcaAmerica/Argentina/Catamarca
america/argentina/comodrivadaviaAmerica/Argentina/ComodRivadavia
america/argentina/cordobaAmerica/Argentina/Cordoba
america/argentina/jujuyAmerica/Argentina/Jujuy
america/argentina/la_riojaAmerica/Argentina/La_Rioja
america/argentina/mendozaAmerica/Argentina/Mendoza
america/argentina/rio_gallegosAmerica/Argentina/Rio_Gallegos
america/argentina/saltaAmerica/Argentina/Salta
america/argentina/san_juanAmerica/Argentina/San_Juan
america/argentina/san_luisAmerica/Argentina/San_Luis
america/argentina/tucumanAmerica/Argentina/Tucuman
america/argentina/ushuaiaAmerica/Argentina/Ushuaia
america/arubaAmerica/Aruba
america/asuncionAmerica/Asuncion
america/atikokanAmerica/Atikokan
america/atkaAmerica/Atka
america/bahiaAmerica/Bahia
america/bahia_banderasAmerica/Bahia_Banderas
america/barbadosAmerica/Barbados
america/belemAmerica/Belem
america/belizeAmerica/Belize
america/blanc-sablonAmerica/Blanc-Sablon
america/boa_vistaAmerica/Boa_Vista
america/bogotaAmerica/Bogota
america/boiseAmerica/Boise
america/buenos_airesAmerica/Buenos_Aires
america/cambridge_bayAmerica/Cambridge_Bay
america/campo_grandeAmerica/Campo_Grande
america/cancunAmerica/Cancun
america/caracasAmerica/Caracas
america/catamarcaAmerica/Catamarca
america/cayenneAmerica/Cayenne
america/caymanAmerica/Cayman
america/chicagoAmerica/Chicago
america/chihuahuaAmerica/Chihuahua
america/ciudad_juarezAmerica/Ciudad_Juarez
america/coral_harbourAmerica/Coral_Harbour
america/cordobaAmerica/Cordoba
america/costa_ricaAmerica/Costa_Rica
america/crestonAmerica/Creston
america/cuiabaAmerica/Cuiaba
america/curacaoAmerica/Curacao
america/danmarkshavnAmerica/Danmarkshavn
america/dawsonAmerica/Dawson
america/dawson_creekAmerica/Dawson_Creek
america/denverAmerica/Denver
america/detroitAmerica/Detroit
america/dominicaAmerica/Dominica
america/edmontonAmerica/Edmonton
america/eirunepeAmerica/Eirunepe
america/el_salvadorAmerica/El_Salvador
america/ensenadaAmerica/Ensenada
america/fort_nelsonAmerica/Fort_Nelson
america/fort_wayneAmerica/Fort_Wayne
america/fortalezaAmerica/Fortaleza
america/glace_bayAmerica/Glace_Bay
america/godthabAmerica/Godthab
america/goose_bayAmerica/Goose_Bay
america/grand_turkAmerica/Grand_Turk
america/grenadaAmerica/Grenada
america/guadeloupeAmerica/Guadeloupe
america/guatemalaAmerica/Guatemala
america/guayaquilAmerica/Guayaquil
america/guyanaAmerica/Guyana
america/halifaxAmerica/Halifax
america/havanaAmerica/Havana
america/hermosilloAmerica/Hermosillo
america/indiana/indianapolisAmerica/Indiana/Indianapolis
america/indiana/knoxAmerica/Indiana/Knox
america/indiana/marengoAmerica/Indiana/Marengo
america/indiana/petersburgAmerica/Indiana/Petersburg
america/indiana/tell_cityAmerica/Indiana/Tell_City
america/indiana/vevayAmerica/Indiana/Vevay
america/indiana/vincennesAmerica/Indiana/Vincennes
america/indiana/winamacAmerica/Indiana/Winamac
america/indianapolisAmerica/Indianapolis
america/inuvikAmerica/Inuvik
america/iqaluitAmerica/Iqaluit
america/jamaicaAmerica/Jamaica
america/jujuyAmerica/Jujuy
america/juneauAmerica/Juneau
america/kentucky/louisvilleAmerica/Kentucky/Louisville
america/kentucky/monticelloAmerica/Kentucky/Monticello
america/knox_inAmerica/Knox_IN
america/kralendijkAmerica/Kralendijk
america/la_pazAmerica/La_Paz
america/limaAmerica/Lima
america/los_angelesAmerica/Los_Angeles
america/louisvilleAmerica/Louisville
america/lower_princesAmerica/Lower_Princes
america/maceioAmerica/Maceio
america/managuaAmerica/Managua
america/manausAmerica/Manaus
america/marigotAmerica/Marigot
america/martiniqueAmerica/Martinique
america/matamorosAmerica/Matamoros
america/mazatlanAmerica/Mazatlan
america/mendozaAmerica/Mendoza
america/menomineeAmerica/Menominee
america/meridaAmerica/Merida
america/metlakatlaAmerica/Metlakatla
america/mexico_cityAmerica/Mexico_City
america/miquelonAmerica/Miquelon
america/monctonAmerica/Moncton
america/monterreyAmerica/Monterrey
america/montevideoAmerica/Montevideo
america/montrealAmerica/Montreal
america/montserratAmerica/Montserrat
america/nassauAmerica/Nassau
america/new_yorkAmerica/New_York
america/nipigonAmerica/Nipigon
america/nomeAmerica/Nome
america/noronhaAmerica/Noronha
america/north_dakota/beulahAmerica/North_Dakota/Beulah
america/north_dakota/centerAmerica/North_Dakota/Center
america/north_dakota/new_salemAmerica/North_Dakota/New_Salem
america/nuukAmerica/Nuuk
america/ojinagaAmerica/Ojinaga
america/panamaAmerica/Panama
america/pangnirtungAmerica/Pangnirtung
america/paramariboAmerica/Paramaribo
america/phoenixAmerica/Phoenix
america/port-au-princeAmerica/Port-au-Prince
america/port_of_spainAmerica/Port_of_Spain
america/porto_acreAmerica/Porto_Acre
america/porto_velhoAmerica/Porto_Velho
america/puerto_ricoAmerica/Puerto_Rico
america/punta_arenasAmerica/Punta_Arenas
america/rainy_riverAmerica/Rainy_River
america/rankin_inletAmerica/Rankin_Inlet
america/recifeAmerica/Recife
america/reginaAmerica/Regina
america/resoluteAmerica/Resolute
america/rio_brancoAmerica/Rio_Branco
america/rosarioAmerica/Rosario
america/santa_isabelAmerica/Santa_Isabel
america/santaremAmerica/Santarem
america/santiagoAmerica/Santiago
america/santo_domingoAmerica/Santo_Domingo
america/sao_pauloAmerica/Sao_Paulo
america/scoresbysundAmerica/Scoresbysund
america/shiprockAmerica/Shiprock
america/sitkaAmerica/Sitka
america/st_barthelemyAmerica/St_Barthelemy
america/st_johnsAmerica/St_Johns
america/st_kittsAmerica/St_Kitts
america/st_luciaAmerica/St_Lucia
america/st_thomasAmerica/St_Thomas
america/st_vincentAmerica/St_Vincent
america/swift_currentAmerica/Swift_Current
america/tegucigalpaAmerica/Tegucigalpa
america/thuleAmerica/Thule
america/thunder_bayAmerica/Thunder_Bay
america/tijuanaAmerica/Tijuana
america/torontoAmerica/Toronto
america/tortolaAmerica/Tortola
america/vancouverAmerica/Vancouver
america/virginAmerica/Virgin
america/whitehorseAmerica/Whitehorse
america/winnipegAmerica/Winnipeg
america/yakutatAmerica/Yakutat
america/yellowknifeAmerica/Yellowknife
antarctica/caseyAntarctica/Casey
antarctica/davisAntarctica/Davis
antarctica/dumontdurvilleAntarctica/DumontDUrville
antarctica/macquarieAntarctica/Macquarie
antarctica/mawsonAntarctica/Mawson
antarctica/mcmurdoAntarctica/McMurdo
antarctica/palmerAntarctica/Palmer
antarctica/rotheraAntarctica/Rothera
antarctica/south_poleAntarctica/South_Pole
antarctica/syowaAntarctica/Syowa
antarctica/trollAntarctica/Troll
antarctica/vostokAntarctica/Vostok
arctic/longyearbyenArctic/Longyearbyen
asia/adenAsia/Aden
asia/almatyAsia/Almaty
asia/ammanAsia/Amman
asia/anadyrAsia/Anadyr
asia/aqtauAsia/Aqtau
asia/aqtobeAsia/Aqtobe
asia/ashgabatAsia/Ashgabat
asia/ashkhabadAsia/Ashkhabad
asia/atyrauAsia/Atyrau
asia/baghdadAsia/Baghdad
asia/bahrainAsia/Bahrain
asia/bakuAsia/Baku
asia/bangkokAsia/Bangkok
asia/barnaulAsia/Barnaul
asia/beirutAsia/Beirut
asia/bishkekAsia/Bishkek
asia/bruneiAsia/Brunei
asia/calcuttaAsia/Calcutta
asia/chitaAsia/Chita
asia/choibalsanAsia/Choibalsan
asia/chongqingAsia/Chongqing
asia/chungkingAsia/Chungking
asia/colomboAsia/Colombo
asia/daccaAsia/Dacca
asia/damascusAsia/Damascus
asia/dhakaAsia/Dhaka
asia/diliAsia/Dili
asia/dubaiAsia/Dubai
asia/dushanbeAsia/Dushanbe
asia/famagustaAsia/Famagusta
asia/gazaAsia/Gaza
asia/harbinAsia/Harbin
asia/hebronAsia/Hebron
asia/ho_chi_minhAsia/Ho_Chi_Minh
asia/hong_kongAsia/Hong_Kong
asia/hovdAsia/Hovd
asia/irkutskAsia/Irkutsk
asia/istanbulAsia/Istanbul
asia/jakartaAsia/Jakarta
asia/jayapuraAsia/Jayapura
asia/jerusalemAsia/Jerusalem
asia/kabulAsia/Kabul
asia/kamchatkaAsia/Kamchatka
asia/karachiAsia/Karachi
asia/kashgarAsia/Kashgar
asia/kathmanduAsia/Kathmandu
asia/katmanduAsia/Katmandu
asia/khandygaAsia/Khandyga
asia/kolkataAsia/Kolkata
asia/krasnoyarskAsia/Krasnoyarsk
asia/kuala_lumpurAsia/Kuala_Lumpur
asia/kuchingAsia/Kuching
asia/kuwaitAsia/Kuwait
asia/macaoAsia/Macao
asia/macauAsia/Macau
asia/magadanAsia/Magadan
asia/makassarAsia/Makassar
asia/manilaAsia/Manila
asia/muscatAsia/Muscat
asia/nicosiaAsia/Nicosia
asia/novokuznetskAsia/Novokuznetsk
asia/novosibirskAsia/Novosibirsk
asia/omskAsia/Omsk
asia/oralAsia/Oral
asia/phnom_penhAsia/Phnom_Penh
asia/pontianakAsia/Pontianak
asia/pyongyangAsia/Pyongyang
asia/qatarAsia/Qatar
asia/qostanayAsia/Qostanay
asia/qyzylordaAsia/Qyzylorda
asia/rangoonAsia/Rangoon
asia/riyadhAsia/Riyadh
asia/saigonAsia/Saigon
asia/sakhalinAsia/Sakhalin
asia/samarkandAsia/Samarkand
asia/seoulAsia/Seoul
asia/shanghaiAsia/Shanghai
asia/singaporeAsia/Singapore
asia/srednekolymskAsia/Srednekolymsk
asia/taipeiAsia/Taipei
asia/tashkentAsia/Tashkent
asia/tbilisiAsia/Tbilisi
asia/tehranAsia/Tehran
asia/tel_avivAsia/Tel_Aviv
asia/thimbuAsia/Thimbu
asia/thimphuAsia/Thimphu
asia/tokyoAsia/Tokyo
asia/tomskAsia/Tomsk
asia/ujung_pandangAsia/Ujung_Pandang
asia/ulaanbaatarAsia/Ulaanbaatar
asia/ulan_batorAsia/Ulan_Bator
asia/urumqiAsia/Urumqi
asia/ust-neraAsia/Ust-Nera
asia/vientianeAsia/Vientiane
asia/vladivostokAsia/Vladivostok
asia/yakutskAsia/Yakutsk
asia/yangonAsia/Yangon
asia/yekaterinburgAsia/Yekaterinburg
asia/yerevanAsia/Yerevan
atlantic/azoresAtlantic/Azores
atlantic/bermudaAtlantic/Bermuda
atlantic/canaryAtlantic/Canary
atlantic/cape_verdeAtlantic/Cape_Verde
atlantic/faeroeAtlantic/Faeroe
atlantic/faroeAtlantic/Faroe
atlantic/jan_mayenAtlantic/Jan_Mayen
atlantic/madeiraAtlantic/Madeira
atlantic/reykjavikAtlantic/Reykjavik
atlantic/south_georgiaAtlantic/South_Georgia
atlantic/st_helenaAtlantic/St_Helena
atlantic/stanleyAtlantic/Stanley
australia/actAustralia/ACT
australia/adelaideAustralia/Adelaide
australia/brisbaneAustralia/Brisbane
australia/broken_hillAustralia/Broken_Hill
australia/canberraAustralia/Canberra
australia/currieAustralia/Currie
australia/darwinAustralia/Darwin
australia/euclaAustralia/Eucla
australia/hobartAustralia/Hobart
australia/lhiAustralia/LHI
australia/lindemanAustralia/Lindeman
australia/lord_howeAustralia/Lord_Howe
australia/melbourneAustralia/Melbourne
australia/northAustralia/North
australia/nswAustralia/NSW
australia/perthAustralia/Perth
australia/queenslandAustralia/Queensland
australia/southAustralia/South
australia/sydneyAustralia/Sydney
australia/tasmaniaAustralia/Tasmania
australia/victoriaAustralia/Victoria
australia/westAustralia/West
australia/yancowinnaAustralia/Yancowinna
brazil/acreBrazil/Acre
brazil/denoronhaBrazil/DeNoronha
brazil/eastBrazil/East
brazil/westBrazil/West
canada/atlanticCanada/Atlantic
canada/centralCanada/Central
canada/easternCanada/Eastern
canada/mountainCanada/Mountain
canada/newfoundlandCanada/Newfoundland
canada/pacificCanada/Pacific
canada/saskatchewanCanada/Saskatchewan
canada/yukonCanada/Yukon
cetCET
chile/continentalChile/Continental
chile/easterislandChile/EasterIsland
cst6cdtCST6CDT
cubaCuba
eetEET
egyptEgypt
eireEire
est5edtEST5EDT
estEST
etc/gmt+0Etc/GMT+0
etc/gmt+10Etc/GMT+10
etc/gmt+11Etc/GMT+11
etc/gmt+12Etc/GMT+12
etc/gmt+1Etc/GMT+1
etc/gmt+2Etc/GMT+2
etc/gmt+3Etc/GMT+3
etc/gmt+4Etc/GMT+4
etc/gmt+5Etc/GMT+5
etc/gmt+6Etc/GMT+6
etc/gmt+7Etc/GMT+7
etc/gmt+8Etc/GMT+8
etc/gmt+9Etc/GMT+9
etc/gmt-0Etc/GMT-0
etc/gmt-10Etc/GMT-10
etc/gmt-11Etc/GMT-11
etc/gmt-12Etc/GMT-12
etc/gmt-13Etc/GMT-13
etc/gmt-14Etc/GMT-14
etc/gmt-1Etc/GMT-1
etc/gmt-2Etc/GMT-2
etc/gmt-3Etc/GMT-3
etc/gmt-4Etc/GMT-4
etc/gmt-5Etc/GMT-5
etc/gmt-6Etc/GMT-6
etc/gmt-7Etc/GMT-7
etc/gmt-8Etc/GMT-8
etc/gmt-9Etc/GMT-9
etc/gmt0Etc/GMT0
etc/gmtEtc/GMT
etc/greenwichEtc/Greenwich
etc/uctEtc/UCT
etc/universalEtc/Universal
etc/utcEtc/UTC
etc/zuluEtc/Zulu
europe/amsterdamEurope/Amsterdam
europe/andorraEurope/Andorra
europe/astrakhanEurope/Astrakhan
europe/athensEurope/Athens
europe/belfastEurope/Belfast
europe/belgradeEurope/Belgrade
europe/berlinEurope/Berlin
europe/bratislavaEurope/Bratislava
europe/brusselsEurope/Brussels
europe/bucharestEurope/Bucharest
europe/budapestEurope/Budapest
europe/busingenEurope/Busingen
europe/chisinauEurope/Chisinau
europe/copenhagenEurope/Copenhagen
europe/dublinEurope/Dublin
europe/gibraltarEurope/Gibraltar
europe/guernseyEurope/Guernsey
europe/helsinkiEurope/Helsinki
europe/isle_of_manEurope/Isle_of_Man
europe/istanbulEurope/Istanbul
europe/jerseyEurope/Jersey
europe/kaliningradEurope/Kaliningrad
europe/kievEurope/Kiev
europe/kirovEurope/Kirov
europe/kyivEurope/Kyiv
europe/lisbonEurope/Lisbon
europe/ljubljanaEurope/Ljubljana
europe/londonEurope/London
europe/luxembourgEurope/Luxembourg
europe/madridEurope/Madrid
europe/maltaEurope/Malta
europe/mariehamnEurope/Mariehamn
europe/minskEurope/Minsk
europe/monacoEurope/Monaco
europe/moscowEurope/Moscow
europe/nicosiaEurope/Nicosia
europe/osloEurope/Oslo
europe/parisEurope/Paris
europe/podgoricaEurope/Podgorica
europe/pragueEurope/Prague
europe/rigaEurope/Riga
europe/romeEurope/Rome
europe/samaraEurope/Samara
europe/san_marinoEurope/San_Marino
europe/sarajevoEurope/Sarajevo
europe/saratovEurope/Saratov
europe/simferopolEurope/Simferopol
europe/skopjeEurope/Skopje
europe/sofiaEurope/Sofia
europe/stockholmEurope/Stockholm
europe/tallinnEurope/Tallinn
europe/tiraneEurope/Tirane
europe/tiraspolEurope/Tiraspol
europe/ulyanovskEurope/Ulyanovsk
europe/uzhgorodEurope/Uzhgorod
europe/vaduzEurope/Vaduz
europe/vaticanEurope/Vatican
europe/viennaEurope/Vienna
europe/vilniusEurope/Vilnius
europe/volgogradEurope/Volgograd
europe/warsawEurope/Warsaw
europe/zagrebEurope/Zagreb
europe/zaporozhyeEurope/Zaporozhye
europe/zurichEurope/Zurich
factoryFactory
gb-eireGB-Eire
gbGB
gmt+0GMT+0
gmt-0GMT-0
gmt0GMT0
gmtGMT
greenwichGreenwich
hongkongHongkong
hstHST
icelandIceland
indian/antananarivoIndian/Antananarivo
indian/chagosIndian/Chagos
indian/christmasIndian/Christmas
indian/cocosIndian/Cocos
indian/comoroIndian/Comoro
indian/kerguelenIndian/Kerguelen
indian/maheIndian/Mahe
indian/maldivesIndian/Maldives
indian/mauritiusIndian/Mauritius
indian/mayotteIndian/Mayotte
indian/reunionIndian/Reunion
iranIran
israelIsrael
jamaicaJamaica
japanJapan
kwajaleinKwajalein
libyaLibya
metMET
mexico/bajanorteMexico/BajaNorte
mexico/bajasurMexico/BajaSur
mexico/generalMexico/General
mst7mdtMST7MDT
mstMST
navajoNavajo
nz-chatNZ-CHAT
nzNZ
pacific/apiaPacific/Apia
pacific/aucklandPacific/Auckland
pacific/bougainvillePacific/Bougainville
pacific/chathamPacific/Chatham
pacific/chuukPacific/Chuuk
pacific/easterPacific/Easter
pacific/efatePacific/Efate
pacific/enderburyPacific/Enderbury
pacific/fakaofoPacific/Fakaofo
pacific/fijiPacific/Fiji
pacific/funafutiPacific/Funafuti
pacific/galapagosPacific/Galapagos
pacific/gambierPacific/Gambier
pacific/guadalcanalPacific/Guadalcanal
pacific/guamPacific/Guam
pacific/honoluluPacific/Honolulu
pacific/johnstonPacific/Johnston
pacific/kantonPacific/Kanton
pacific/kiritimatiPacific/Kirit